{
    "rmse": 0.8051653038520551,
    "mae": 0.6591507509207355,
    "r2": 0.007979565558624224
}